<?xml version="1.0" encoding="UTF-8"?>
<schema name="wpdata" version="1.6">
	<types>
		<!-- prmitive types --> 
	
	<fieldType name="binary" class="solr.BinaryField"/>
	<fieldType name="boolean" class="solr.BoolField" sortMissingLast="true"/>
	<fieldType name="booleans" class="solr.BoolField" sortMissingLast="true" multiValued="true"/>
	<fieldType name="currency" class="solr.CurrencyField" currencyConfig="currency.xml" defaultCurrency="USD" precisionStep="8"/>
	<fieldType name="date" class="solr.TrieDateField" positionIncrementGap="0" docValues="true" precisionStep="0"/>
	<fieldType name="dates" class="solr.TrieDateField" positionIncrementGap="0" docValues="true" multiValued="true" precisionStep="0"/>	
	<fieldType name="double" class="solr.TrieDoubleField" positionIncrementGap="0" docValues="true" precisionStep="0"/>
	<fieldType name="doubles" class="solr.TrieDoubleField" positionIncrementGap="0" docValues="true" multiValued="true" precisionStep="0"/>
	<fieldType name="float" class="solr.TrieFloatField" positionIncrementGap="0" docValues="true" precisionStep="0"/>
	<fieldType name="floats" class="solr.TrieFloatField" positionIncrementGap="0" docValues="true" multiValued="true" precisionStep="0"/>
	<fieldType name="ignored" class="solr.StrField" indexed="false" stored="false" docValues="false" multiValued="true"/>
	<fieldType name="integer" class="solr.TrieIntField" omitNorms="true"/> <!-- carried over from wpsolr template -->
	<fieldType name="int" class="solr.TrieIntField" positionIncrementGap="0" docValues="true" precisionStep="0"/>
	<fieldType name="ints" class="solr.TrieIntField" positionIncrementGap="0" docValues="true" multiValued="true" precisionStep="0"/>
	<fieldType name="location" class="solr.LatLonType" subFieldSuffix="_coordinate"/>
	<fieldType name="location_rpt" class="solr.SpatialRecursivePrefixTreeFieldType" geo="true" maxDistErr="0.001" distErrPct="0.025" distanceUnits="kilometers"/>
	<fieldType name="long" class="solr.TrieLongField" positionIncrementGap="0" docValues="true" precisionStep="0"/>
	<fieldType name="longs" class="solr.TrieLongField" positionIncrementGap="0" docValues="true" multiValued="true" precisionStep="0"/>
	<fieldType name="point" class="solr.PointType" subFieldSuffix="_d" dimension="2"/>
	<fieldType name="random" class="solr.RandomSortField" indexed="true"/>
	<fieldType name="string" class="solr.StrField" sortMissingLast="true" docValues="true"/>
	<fieldType name="strings" class="solr.StrField" sortMissingLast="true" docValues="true" multiValued="true"/>
	<fieldType name="tdate" class="solr.TrieDateField" positionIncrementGap="0" docValues="true" precisionStep="6"/>
	<fieldType name="tdates" class="solr.TrieDateField" positionIncrementGap="0" docValues="true" multiValued="true" precisionStep="6"/>
	<fieldType name="tdouble" class="solr.TrieDoubleField" positionIncrementGap="0" docValues="true" precisionStep="8"/>
	<fieldType name="tdoubles" class="solr.TrieDoubleField" positionIncrementGap="0" docValues="true" multiValued="true" precisionStep="8"/>	
	<fieldType name="tfloat" class="solr.TrieFloatField" positionIncrementGap="0" docValues="true" precisionStep="8"/>
	<fieldType name="tfloats" class="solr.TrieFloatField" positionIncrementGap="0" docValues="true" multiValued="true" precisionStep="8"/>
	<fieldType name="tint" class="solr.TrieIntField" positionIncrementGap="0" docValues="true" precisionStep="8"/>
	<fieldType name="tints" class="solr.TrieIntField" positionIncrementGap="0" docValues="true" multiValued="true" precisionStep="8"/>
	<fieldType name="tlong" class="solr.TrieLongField" positionIncrementGap="0" docValues="true" precisionStep="8"/>
	<fieldType name="tlongs" class="solr.TrieLongField" positionIncrementGap="0" docValues="true" multiValued="true" precisionStep="8"/>	
		
		
		<fieldType name="text_ws" class="solr.TextField" positionIncrementGap="100">
			<analyzer>
				<tokenizer class="solr.WhitespaceTokenizerFactory"/>
			</analyzer>
		</fieldType>
		<fieldType name="text_lws" class="solr.TextField" positionIncrementGap="100">
			<analyzer>
				<tokenizer class="solr.WhitespaceTokenizerFactory"/>
				<filter class="solr.LowerCaseFilterFactory"/>
			</analyzer>
		</fieldType>
		<fieldType name="text" class="solr.TextField" positionIncrementGap="100">
			<analyzer type="index">
				<tokenizer class="solr.WhitespaceTokenizerFactory"/>
				<filter class="solr.WordDelimiterFilterFactory" generateWordParts="1" generateNumberParts="1" catenateWords="1" catenateNumbers="1" catenateAll="0" splitOnCaseChange="1"/>
				<filter class="solr.LowerCaseFilterFactory"/>
				<filter class="solr.EnglishPossessiveFilterFactory"/>
				<filter class="solr.PorterStemFilterFactory"/>
			</analyzer>
			<analyzer type="query">
				<tokenizer class="solr.WhitespaceTokenizerFactory"/>
				<!--<filter class="solr.SynonymFilterFactory" synonyms="synonyms.txt" ignoreCase="true" expand="true"/>-->
				<filter class="solr.WordDelimiterFilterFactory" generateWordParts="1" generateNumberParts="1" catenateWords="0" catenateNumbers="0" catenateAll="0" splitOnCaseChange="1"/>
				<filter class="solr.LowerCaseFilterFactory"/>
				<filter class="solr.EnglishPossessiveFilterFactory"/>
				<filter class="solr.PorterStemFilterFactory"/>
			</analyzer>
		</fieldType>
		<fieldType name="textTight" class="solr.TextField" positionIncrementGap="100">
			<analyzer>
				<tokenizer class="solr.WhitespaceTokenizerFactory"/>
				<!--<filter class="solr.SynonymFilterFactory" synonyms="synonyms.txt" ignoreCase="true" expand="false"/>-->
				<!--<filter class="solr.StopFilterFactory" ignoreCase="true" words="stopwords.txt"/>-->
				<filter class="solr.WordDelimiterFilterFactory" generateWordParts="0" generateNumberParts="0" catenateWords="1" catenateNumbers="1" catenateAll="0"/>
				<filter class="solr.LowerCaseFilterFactory"/>
				<filter class="solr.EnglishPossessiveFilterFactory"/>
				<filter class="solr.PorterStemFilterFactory"/>
			</analyzer>
		</fieldType>
		<fieldType name="textSpell" class="solr.TextField" positionIncrementGap="100">
			<analyzer>
				<tokenizer class="solr.StandardTokenizerFactory"/>
				<filter class="solr.LowerCaseFilterFactory"/>
				<filter class="solr.RemoveDuplicatesTokenFilterFactory"/>
			</analyzer>
		</fieldType>
		<fieldType name="alphaOnlySort" class="solr.TextField" sortMissingLast="true" omitNorms="true">
			<analyzer>
				<tokenizer class="solr.KeywordTokenizerFactory"/>
				<filter class="solr.LowerCaseFilterFactory"/>
				<filter class="solr.TrimFilterFactory"/>
				<filter class="solr.PatternReplaceFilterFactory" pattern="([^a-z])" replacement="" replace="all"/>
			</analyzer>
		</fieldType>
	</types>
	<!-- FitterWeb Changed all fields to be stored. -->
	<fields>
		<field name="_version_" type="long" indexed="true" stored="true"/>
		<field name="id" type="string" indexed="true" stored="true" required="true"/>
		<field name="state" type="string" indexed="true" stored="true"/>		
		<field name="PID" type="string" indexed="true" stored="true" required="true"/>
		<field name="blogid" type="string" indexed="true" stored="true"/>
		<field name="blogdomain" type="string" indexed="true" stored="true"/>
		<field name="blogpath" type="string" indexed="true" stored="true"/>
		<field name="wp" type="string" indexed="true" stored="true"/>
		<field name="permalink" type="string" indexed="true" stored="true"/>
		<field name="title" type="text_lws" indexed="true" stored="true"/>
		<field name="content" type="text" indexed="true" stored="true"/>
		<field name="content_raw" type="string" indexed="false" stored="true" docValues="false"/>
		<field name="numcomments" type="integer" indexed="true" stored="true"/>
		<field name="comments" type="text" indexed="true" stored="true" multiValued="true"/>
		<field name="categories" type="string" indexed="true" stored="true" multiValued="true"/>
		<field name="categoriessrch" type="text_lws" indexed="true" stored="true" multiValued="true"/>
		<field name="tags" type="string" indexed="true" stored="true" multiValued="true"/>
		<field name="tagssrch" type="text_lws" indexed="true" stored="true" multiValued="true"/>
		<field name="author" type="string" indexed="true" stored="true"/>
		<field name="type" type="string" indexed="true" stored="true"/>
		<!-- Date fields used for sorting and searching -->
		<field name="date" type="date" indexed="true" stored="true"/>
		<field name="modified" type="date" indexed="true" stored="true"/>
		<!-- Fields used to display the date -->
		<field name="displaydate" type="string" indexed="false" stored="true"/>
		<field name="displaymodified" type="string" indexed="false" stored="true"/>
		<!-- For spell checking, did you mean? -->
		<field name="spell" type="textSpell" indexed="true" stored="true" multiValued="true"/>
		<!-- Autocomplete -->
		<field name="autocomplete" type="textSpell" indexed="true" stored="true" multiValued="true"/>
		<!-- composite field -->
		<field name="text" type="text" indexed="true" stored="false" multiValued="true"/>
		<!-- dynamic fields -->
		<!-- For attachements -->
		<dynamicField name="ignored_*" type="ignored"/>
		<dynamicField name="*_str" type="string" indexed="true" stored="true" multiValued="true"/>
		<dynamicField name="*_srch" type="text_lws" indexed="true" stored="false" multiValued="true"/>
		<!-- dynamicField name="*_taxonomy" type="string" indexed="true" stored="true" multiValued="true"/ -->
		<dynamicField name="*_i" type="integer" indexed="true" stored="true"/>
		<dynamicField name="*_s" type="string" indexed="true" stored="true"/>
		<dynamicField name="*_l" type="long" indexed="true" stored="true"/>
		<dynamicField name="*_t" type="text" indexed="true" stored="true"/>
		<dynamicField name="*_b" type="boolean" indexed="true" stored="true"/>
		<dynamicField name="*_f" type="float" indexed="true" stored="true"/>
		<dynamicField name="*_d" type="double" indexed="true" stored="true"/>
		<dynamicField name="*_dt" type="date" indexed="true" stored="true"/>
		<dynamicField name="random*" type="random"/>
	</fields>
	<uniqueKey>id</uniqueKey>
	<defaultSearchField>text</defaultSearchField>
	<solrQueryParser defaultOperator="OR"/>
	<copyField source="title" dest="text"/>
	<copyField source="tags" dest="text"/>
	<copyField source="categories" dest="text"/>
	<copyField source="content" dest="text"/>
	<copyField source="permalink" dest="text"/>
	<copyField source="title" dest="spell"/>
	<copyField source="tags" dest="spell"/>
	<copyField source="categories" dest="spell"/>
	<copyField source="content" dest="spell"/>
	<copyField source="title" dest="autocomplete"/>
	<copyField source="tags" dest="autocomplete"/>
	<copyField source="categories" dest="autocomplete"/>
	<copyField source="content" dest="autocomplete"/>
	<copyField source="tags" dest="tagssrch"/>
	<copyField source="categories" dest="categoriessrch"/>
</schema>
